Method category,Method name,Mean RMSE,Std RMSE,Best RMSE,Notes
Deep Learning,MAE (Baseline),1.0380245620884079,0.040157264467502084,0.9460591886460689,"Optimal performance, captures non-linear structure"
Pure Classical,Pure-KMeans,1.1472417883854524,2.2455366315174155e-16,1.1472417883854527,Robust baseline on raw features
Hybrid V1,Hybrid-KMeans,1.149170788379098,2.2455366315174155e-16,1.1491707883790983,Smoothing T_MAE with Z-clusters
Hybrid V1,Hybrid-MissForest,1.15884019460256,0.00969184635866584,1.1342778960120514,RF seeded with T_MAE
Hybrid V1,Hybrid-KNN,1.1626122172974878,0.015508050213207517,1.1340050579838195,KNN on Z space
Pure Classical,Pure-MissForest,1.1636412461240269,2.2455366315174155e-16,1.1636412461240266,Standard RF Imputer
Pure Classical,Pure-KNN,1.1766944591926665,0.0,1.1766944591926665,Standard KNN Imputer
